category;fits to;OE;article;price Eur
КОЛОДКИ ТОРМОЗНЫЕ ДИСКОВЫЕ;VW Polo sedan 10- 131*52*18, Передние;6RU698151B;BP43023;20.74
КОЛОДКИ ТОРМОЗНЫЕ ДИСКОВЫЕ;Skoda Octavia 04-;1K0698451G;BP43074;18.10
КОЛОДКИ ТОРМОЗНЫЕ ДИСКОВЫЕ;Audi A1 10-, A3 03-;3C0698151J;BP43075;22.28
КОЛОДКИ ТОРМОЗНЫЕ ДИСКОВЫЕ;Ford Transit 06- 164,8*66,8*18,8, Передние;2H0698151A;BP43087;24.38
КОЛОДКИ ТОРМОЗНЫЕ ДИСКОВЫЕ;Audi A4 00-09,   задние;5Q0698451M;BP43088;12.12
КОЛОДКИ ТОРМОЗНЫЕ ДИСКОВЫЕ;Audi A3 03-  передние, с датчиком износа;1K0698151A;BP43100;20.93
КОЛОДКИ ТОРМОЗНЫЕ ДИСКОВЫЕ;VW Multivan V 03- 155,2*73,2*19,8, Передние;7H0698151D;BP43115;24.32
КОЛОДКИ ТОРМОЗНЫЕ ДИСКОВЫЕ;VW Multivan V 03- 116,2*59*17,5, Задние;7E0698451A;BP43116;15.11
КОЛОДКИ ТОРМОЗНЫЕ ДИСКОВЫЕ;Audi Q3 11- ,  передние;5N0698151;BP43136;20.16
КОЛОДКИ ТОРМОЗНЫЕ ДИСКОВЫЕ;Audi A4 95-09,  передние;JZW698151N;BP43146;22.03
КОЛОДКИ ТОРМОЗНЫЕ ДИСКОВЫЕ;VW Golf  VI,  109,3*53,4*16,5, задние;5K0698451C;BP43178;16.73
КОЛОДКИ ТОРМОЗНЫЕ ДИСКОВЫЕ;VW Touareg, 131,8*77,4*16, передние;7L6698151J;BP43279;23.33
КОЛОДКИ ТОРМОЗНЫЕ ДИСКОВЫЕ;VW Touareg 2010-;7P0698451A;BP43363;24.42
КОЛОДКИ ТОРМОЗНЫЕ ДИСКОВЫЕ;VW Tiguan 2.0TFSi, 07- 105,5*56,4, Задние;JZW698451G;BP43388;17.86
КОЛОДКИ ТОРМОЗНЫЕ ДИСКОВЫЕ;Skoda Octavia 1.8TFSI;2K5698151A;BP43420;27.62
КОЛОДКИ ТОРМОЗНЫЕ БАРАБАННЫЕ;VW Polo Sedan 10 -   228*42;6RU698525A;BP53064;20.74
КОЛОДКИ ТОРМОЗНЫЕ БАРАБАННЫЕ;MB Sprinter 5-t, 06-, Стояночный 180*25;2E0698525;BP53077;16.07
КОЛОДКИ ТОРМОЗНЫЕ БАРАБАННЫЕ;MB Sprinter 5-t, 06- Стояночный, 172*42;2E0698525D;BP53156;17.26
ВОЗДУШНЫЙ ФИЛЬТР;Audi A6 97-05 1.8-4.2;058133843;FAI120;6.42
ВОЗДУШНЫЙ ФИЛЬТР;Audi A3 07-13 1.2-2.0;1F0129620;FAI126;9.57
ВОЗДУШНЫЙ ФИЛЬТР;Audi A3 03-13 1.8;1K0129620D;FAI134;7.60
ВОЗДУШНЫЙ ФИЛЬТР;VW Golf 07-13 1.4;036129620J;FAI146;7.96
ВОЗДУШНЫЙ ФИЛЬТР;Audi Q7 06- 3.0-4.2;7L0129620;FAI156;7.97
ВОЗДУШНЫЙ ФИЛЬТР;VW Transporter IV 90-03 2.0-2.8;074129620;FAI206;4.78
ВОЗДУШНЫЙ ФИЛЬТР;VW Sharan 95-10 1.8-2.8;7M3129620;FAI221;6.40
ВОЗДУШНЫЙ ФИЛЬТР;VW  Multivan 03- 2.0;7E0129620;FAI244;6.83
ВОЗДУШНЫЙ ФИЛЬТР;Skoda Rapid 12-;6R0129620A;FAI266;9.45
САЛОННЫЙ ФИЛЬТР;Audi Q7 06- 3.0-4.2, угольный;JZW819653E;FCC138;6.40
САЛОННЫЙ ФИЛЬТР;Audi A3 96-03  угольный;1J0819644A;FCC178;7.28
САЛОННЫЙ ФИЛЬТР;Mercedes Sprinter 5-t 06- 1.8-3.5, угольный;2E0819638A;FCC190;8.90
САЛОННЫЙ ФИЛЬТР;VW Polo Sedan 10- угольный;6Q0819653B;FCC214;6.69
САЛОННЫЙ ФИЛЬТР;VW Passat 00-05;1H0819644B;FCS131;3.43
НАСОС ВОДЯНОЙ;VW Passt  1.4 16V TSI + GAZ CDGA;03C121004J;HB1139;26.94
НАСОС ВОДЯНОЙ;VW Golf/Passat/Jetta 1.6-2.0 96-;06B121011Q;HB1224;29.31
НАСОС ВОДЯНОЙ;VW Golf/Passat.  1.8/2.0 96-;06A121012G;HB1225;24.81
НАСОС ВОДЯНОЙ;VW Golf/Passat 1.9TD/TDi 00-;03L121011G;HB1229;26.19
НАСОС ВОДЯНОЙ;VW Golf/Polo 1.2TDi/1.4TDi/1.9TDi 00-;045121011H;HB1230;22.73
НАСОС ВОДЯНОЙ;VW Polo, Golf, Passat 1.4, 1.6 02-;03C121008J;HB1245;27.91
НАСОС ВОДЯНОЙ;VW Golf/Polo  97-;036121008M;HB1608;24.40
НАСОС ВОДЯНОЙ;Vw Polo/Golf/Passat, (1.2/1.4Tsi) 11-;04E121600CB;HB2014;52.79
НАСОС ВОДЯНОЙ;Audi A3 (2004- 2013);06H121026DR;HB3001;33.59
НАСОС ВОДЯНОЙ;VW Golf/Jetta/Passat, 1.4TFSi 07-;03C121008H;HB5505;22.55
ТЯГА СТАБИЛИЗАТОРА;Audi A3 03-;5Q0411315A;LS11014;11.09
ТЯГА СТАБИЛИЗАТОРА;VW Transporter 5 03-   передняя;7H5411317E;LS11015;8.45
ТЯГА СТАБИЛИЗАТОРА; VW Polo 09- передняя, L=270,0 мм;2Q0411315B;LS11104;7.43
ТЯГА СТАБИЛИЗАТОРА;VW Caddy III 04- задняя;2K5505465A;LS11166;12.15
ТЯГА СТАБИЛИЗАТОРА;Audi A3 03-,   задняя;1K0505465AA;LS12003;8.61
ТЯГА СТАБИЛИЗАТОРА;Skoda  Octavia A7 13-;5Q0505465A;LS12010;5.68
ОБГОННАЯ МУФТА ГЕНЕРАТОРА;Audi A4 01-09 1.9D, 2.0D;022903119C;OP6006;25.55
ОБГОННАЯ МУФТА ГЕНЕРАТОРА;VW Passat 05-, Golf 12-;045903119A;OP6021;38.93
РОЛИК РЕМНЯ ГРМ;Skoda Octavia 12- 1.2-1.6;04C109479K;R12146;42.52
РОЛИК РЕМНЯ ГРМ;Audi A4 07- 2.0TDi;03L109243F;R12157;29.75
РОЛИК РЕМНЯ ГРМ;Audi Q3 13- 1.4, ;04E109244B;R32122;20.41
РОЛИК РЕМНЯ ГРМ;Audi  A4 95- ;03L109244D;R32125;8.00
РОЛИК НАПРАВЛЯЮЩИЙ ПОЛИКЛИНОВОГО РЕМНЯ;VW Polo седан 1.4, 1.6;1J0145276B;R34105;12.64
РОЛИК НАПРАВЛЯЮЩИЙ ПОЛИКЛИНОВОГО РЕМНЯ;SsangYong Korando 12- 2.0, 2.0XDi;059903341J;R34127;8.81
РОЛИК НАПРАВЛЯЮЩИЙ ПОЛИКЛИНОВОГО РЕМНЯ;Audi A6 11-;06H903341D;R34142;14.28
РОЛИК НАПРАВЛЯЮЩИЙ ПОЛИКЛИНОВОГО РЕМНЯ;Audi A4 00- 1.9TDi, 2.0TDi;03G145276;R34145;11.39
РОЛИК НАПРАВЛЯЮЩИЙ ПОЛИКЛИНОВОГО РЕМНЯ;Audi A4 05- 2.7D, 3.0D, A5 07- ;059903341H;R34150;8.95
НАТЯЖИТЕЛЬ ПОЛИКЛИНОВОГО РЕМНЯ;VW Passat 05-10 1.6, 2.0FSI, ;06A903315E;R54114;32.85
НАТЯЖИТЕЛЬ ПОЛИКЛИНОВОГО РЕМНЯ;VW Golf 03- 1.2-1.6;03C145299C;R54121;29.73
НАТЯЖИТЕЛЬ ПОЛИКЛИНОВОГО РЕМНЯ;VW Passat 05-10 1.9TDI;03G903315C;R54145;27.48
НАТЯЖИТЕЛЬ ПОЛИКЛИНОВОГО РЕМНЯ;Audi A3/TT 06-13 1.8, 2.0;06J903133D;R54158;41.41
НАТЯЖИТЕЛЬ ПОЛИКЛИНОВОГО РЕМНЯ;Audi A3 03-13 1.6TDi, 2.0TDi,;038903315AN;R54166;30.73
НАКОНЕЧНИК РУЛЕВОЙ;MB Sprinter II 06- левый/правый;2E0498104A;SP30031;11.65
НАКОНЕЧНИК РУЛЕВОЙ;VW Polo Sedan RUS;6RD423811B;SP31042;10.09
НАКОНЕЧНИК РУЛЕВОЙ;Audi A3 03-,   левый;1K0423811K;SP31118;9.41
НАКОНЕЧНИК РУЛЕВОЙ;VW  Multivan V 03-   левый;7E0422817;SP31120;12.64
НАКОНЕЧНИК РУЛЕВОЙ;VW Polo Sedan RUS,  правый;6RD423812B;SP32042;10.09
НАКОНЕЧНИК РУЛЕВОЙ;Audi A3 03-,  правый;1K0423812K;SP32118;9.41
НАКОНЕЧНИК РУЛЕВОЙ;VW Multivan V 03-   правый;7E0422818;SP32120;12.64
ТЯГА РУЛЕВАЯ;Audi A3 03-;1K0423810A;SP40020;8.54
ТЯГА РУЛЕВАЯ;VW POLO Sedan RUS M16x1,5;6RD423810;SP40024;13.42
ТЯГА РУЛЕВАЯ;VW Transporter V 03-;7E0419803;SP40089;11.66
ТЯГА РУЛЕВАЯ;MB Sprinter II;2E0713491;SP40090;8.01
ДИСК ТОРМОЗНОЙ;AUDI A3 96-03, 232*9*5, Задний;2Q0615601H;TB215255;16.56
ДИСК ТОРМОЗНОЙ;VW Golf/Jetta - 272*48*8, Задний;5Q0615601D;TB215278;24.95
ДИСК ТОРМОЗНОЙ;Audi Q7 06-;7L8615601G;TB215291;46.86
ДИСК ТОРМОЗНОЙ;AUDI A3 03- 286*12*5, Задний;5Q0615601G;TB215385;32.99
ДИСК ТОРМОЗНОЙ;AUDI  A3 96-03;6R0615301C;TB217150;27.23
ДИСК ТОРМОЗНОЙ;AUDI A3 96-03,  288*25*5, Передний;6R0615301D;TB217157;38.73
ДИСК ТОРМОЗНОЙ;Audi A3 03-  255*10*5, Задний;5C0615601A;TB218000;22.10
ДИСК ТОРМОЗНОЙ;Audi A3 1.4-   280*22*5, Передний;1K0615301AS;TB219000;37.9
ДИСК ТОРМОЗНОЙ;VW Golf V 03-  288*25*5, Передний;5Q0615301H;TB219001;40.65
ДИСК ТОРМОЗНОЙ;VW Passat 05-   312*25*5, Передний;5Q0615301F;TB219200;47.31
ДИСК ТОРМОЗНОЙ;VW Touareg 02-10, 308*29,5*5, Перед;7E0615301D;TB219234;47.7
ДИСК ТОРМОЗНОЙ;VW Multivan 03-   294*22*5, Задний;7E0615601D;TB219236;37.49
ДИСК ТОРМОЗНОЙ;MB Sprinter 06-  300*28*6, Передний;2E0615301;TB219352;52.39
ДИСК ТОРМОЗНОЙ;MB Sprinter 06-   300*28*6, Задний;2E0615601;TB219353;58.27
ДИСК ТОРМОЗНОЙ;VW Transporter 09- 340*55,4*32,2, Перед;7E0615301F;TB219364;52.79
ДИСК ТОРМОЗНОЙ;VW Touareg 3.2-5.0TDi 02-;7L6615302P;TB219428;61.58
ДИСК ТОРМОЗНОЙ;VW Touareg 3.2-5.0TDi 02-;7L6615301P;TB219429;61.58
ЩЕТКА СТЕКЛООЧИСТИТЕЛЯ;Крепление: 12 в 1;6RG955425A;WB40230;4.48
ЩЕТКА СТЕКЛООЧИСТИТЕЛЯ;Крепление: 12 в 1;3AB998002;WB45230;4.65
ЩЕТКА СТЕКЛООЧИСТИТЕЛЯ;"Крепление: Крючок 48 см (19"")";1Q1998002;WB48010;3.15
ЩЕТКА СТЕКЛООЧИСТИТЕЛЯ;Крепление: 12 в 1;3G1998002;WB48230;4.72
ЩЕТКА СТЕКЛООЧИСТИТЕЛЯ;"Крепление: 5 в 1 53 см (21"")";3B0998002A;WB53200;4.34
ЩЕТКА СТЕКЛООЧИСТИТЕЛЯ;Крепление: 12 в 1;761998002;WB53230;4.85
ЩЕТКА СТЕКЛООЧИСТИТЕЛЯ;"Крепление: Крючок 55 см (22"")";7H0998003;WB55010;3.45
ЩЕТКА СТЕКЛООЧИСТИТЕЛЯ;Крепление: 12 в 1;3C1998002;WB60230;5.04
ЩЕТКА СТЕКЛООЧИСТИТЕЛЯ;Крепление: 12 в 1;1K0955429;WB65230;5.11